Workbook

Sheet Fly Params
A2: Default Parmaters from the assignment
A4: S0 | B4: 110
A5: Vol | B5: 0.23
A6: Barrier | B6: 130
A7: Expiry | B7: 0.5
A8: K1 | B8: 100
A9: K2 | B9: 110
A10: K3 | B10: 120
A11: r | B11: 0.05
A12: d | B12: 0

Sheet Price vs spot
A1: Spot | B1: Price
A2: 64 | B2: {=_xll.PriceButterfly(A2,'Fly Params'!$B$5,'Fly Params'!$B$6,'Fly Params'!$B$7,'Fly Params'!$B$8,'Fly Params'!$B$9,'Fly Params'!$B$10, 'Fly Params'!$B$11,'Fly Params'!$B$12)} -> 0.033781609
A3: 65 | B3: {=_xll.PriceButterfly(A3,'Fly Params'!$B$5,'Fly Params'!$B$6,'Fly Params'!$B$7,'Fly Params'!$B$8,'Fly Params'!$B$9,'Fly Params'!$B$10, 'Fly Params'!$B$11,'Fly Params'!$B$12)} -> 0.038591942
A4: 66 | B4: {=_xll.PriceButterfly(A4,'Fly Params'!$B$5,'Fly Params'!$B$6,'Fly Params'!$B$7,'Fly Params'!$B$8,'Fly Params'!$B$9,'Fly Params'!$B$10, 'Fly Params'!$B$11,'Fly Params'!$B$12)} -> 0.044261351
A5: 67 | B5: {=_xll.PriceButterfly(A5,'Fly Params'!$B$5,'Fly Params'!$B$6,'Fly Params'!$B$7,'Fly Params'!$B$8,'Fly Params'!$B$9,'Fly Params'!$B$10, 'Fly Params'!$B$11,'Fly Params'!$B$12)} -> 0.051234132
A6: 68 | B6: {=_xll.PriceButterfly(A6,'Fly Params'!$B$5,'Fly Params'!$B$6,'Fly Params'!$B$7,'Fly Params'!$B$8,'Fly Params'!$B$9,'Fly Params'!$B$10, 'Fly Params'!$B$11,'Fly Params'!$B$12)} -> 0.060333581
A7: 69 | B7: {=_xll.PriceButterfly(A7,'Fly Params'!$B$5,'Fly Params'!$B$6,'Fly Params'!$B$7,'Fly Params'!$B$8,'Fly Params'!$B$9,'Fly Params'!$B$10, 'Fly Params'!$B$11,'Fly Params'!$B$12)} -> 0.071435252
A8: 70 | B8: {=_xll.PriceButterfly(A8,'Fly Params'!$B$5,'Fly Params'!$B$6,'Fly Params'!$B$7,'Fly Params'!$B$8,'Fly Params'!$B$9,'Fly Params'!$B$10, 'Fly Params'!$B$11,'Fly Params'!$B$12)} -> 0.084595596
A9: 71 | B9: {=_xll.PriceButterfly(A9,'Fly Params'!$B$5,'Fly Params'!$B$6,'Fly Params'!$B$7,'Fly Params'!$B$8,'Fly Params'!$B$9,'Fly Params'!$B$10, 'Fly Params'!$B$11,'Fly Params'!$B$12)} -> 0.10011888
A10: 72 | B10: {=_xll.PriceButterfly(A10,'Fly Params'!$B$5,'Fly Params'!$B$6,'Fly Params'!$B$7,'Fly Params'!$B$8,'Fly Params'!$B$9,'Fly Params'!$B$10, 'Fly Params'!$B$11,'Fly Params'!$B$12)} -> 0.11919939
A11: 73 | B11: {=_xll.PriceButterfly(A11,'Fly Params'!$B$5,'Fly Params'!$B$6,'Fly Params'!$B$7,'Fly Params'!$B$8,'Fly Params'!$B$9,'Fly Params'!$B$10, 'Fly Params'!$B$11,'Fly Params'!$B$12)} -> 0.1418938
A12: 74 | B12: {=_xll.PriceButterfly(A12,'Fly Params'!$B$5,'Fly Params'!$B$6,'Fly Params'!$B$7,'Fly Params'!$B$8,'Fly Params'!$B$9,'Fly Params'!$B$10, 'Fly Params'!$B$11,'Fly Params'!$B$12)} -> 0.16831152
A13: 75 | B13: {=_xll.PriceButterfly(A13,'Fly Params'!$B$5,'Fly Params'!$B$6,'Fly Params'!$B$7,'Fly Params'!$B$8,'Fly Params'!$B$9,'Fly Params'!$B$10, 'Fly Params'!$B$11,'Fly Params'!$B$12)} -> 0.19814085
... A69: 131 | B69: {=_xll.PriceButterfly(A69,'Fly Params'!$B$5,'Fly Params'!$B$6,'Fly Params'!$B$7,'Fly Params'!$B$8,'Fly Params'!$B$9,'Fly Params'!$B$10, 'Fly Params'!$B$11,'Fly Params'!$B$12)} -> 0

Sheet Price vs barrier
A1: Barrier | B1: Price
A2: 90 | B2: {=_xll.PriceButterfly('Fly Params'!$B$4, 'Fly Params'!$B$5, A2, 'Fly Params'!$B$7, 'Fly Params'!$B$8, 'Fly Params'!$B$9, 'Fly Params'!$B$10, 'Fly Params'!$B$11,'Fly Params'!$B$12)} -> 0
A3: 91 | B3: {=_xll.PriceButterfly('Fly Params'!$B$4, 'Fly Params'!$B$5, A3, 'Fly Params'!$B$7, 'Fly Params'!$B$8, 'Fly Params'!$B$9, 'Fly Params'!$B$10, 'Fly Params'!$B$11,'Fly Params'!$B$12)} -> 0
A4: 92 | B4: {=_xll.PriceButterfly('Fly Params'!$B$4, 'Fly Params'!$B$5, A4, 'Fly Params'!$B$7, 'Fly Params'!$B$8, 'Fly Params'!$B$9, 'Fly Params'!$B$10, 'Fly Params'!$B$11,'Fly Params'!$B$12)} -> 0
A5: 93 | B5: {=_xll.PriceButterfly('Fly Params'!$B$4, 'Fly Params'!$B$5, A5, 'Fly Params'!$B$7, 'Fly Params'!$B$8, 'Fly Params'!$B$9, 'Fly Params'!$B$10, 'Fly Params'!$B$11,'Fly Params'!$B$12)} -> 0
A6: 94 | B6: {=_xll.PriceButterfly('Fly Params'!$B$4, 'Fly Params'!$B$5, A6, 'Fly Params'!$B$7, 'Fly Params'!$B$8, 'Fly Params'!$B$9, 'Fly Params'!$B$10, 'Fly Params'!$B$11,'Fly Params'!$B$12)} -> 0
A7: 95 | B7: {=_xll.PriceButterfly('Fly Params'!$B$4, 'Fly Params'!$B$5, A7, 'Fly Params'!$B$7, 'Fly Params'!$B$8, 'Fly Params'!$B$9, 'Fly Params'!$B$10, 'Fly Params'!$B$11,'Fly Params'!$B$12)} -> 0
A8: 96 | B8: {=_xll.PriceButterfly('Fly Params'!$B$4, 'Fly Params'!$B$5, A8, 'Fly Params'!$B$7, 'Fly Params'!$B$8, 'Fly Params'!$B$9, 'Fly Params'!$B$10, 'Fly Params'!$B$11,'Fly Params'!$B$12)} -> 0
A9: 97 | B9: {=_xll.PriceButterfly('Fly Params'!$B$4, 'Fly Params'!$B$5, A9, 'Fly Params'!$B$7, 'Fly Params'!$B$8, 'Fly Params'!$B$9, 'Fly Params'!$B$10, 'Fly Params'!$B$11,'Fly Params'!$B$12)} -> 0
A10: 98 | B10: {=_xll.PriceButterfly('Fly Params'!$B$4, 'Fly Params'!$B$5, A10, 'Fly Params'!$B$7, 'Fly Params'!$B$8, 'Fly Params'!$B$9, 'Fly Params'!$B$10, 'Fly Params'!$B$11,'Fly Params'!$B$12)} -> 0
A11: 99 | B11: {=_xll.PriceButterfly('Fly Params'!$B$4, 'Fly Params'!$B$5, A11, 'Fly Params'!$B$7, 'Fly Params'!$B$8, 'Fly Params'!$B$9, 'Fly Params'!$B$10, 'Fly Params'!$B$11,'Fly Params'!$B$12)} -> 0
A12: 100 | B12: {=_xll.PriceButterfly('Fly Params'!$B$4, 'Fly Params'!$B$5, A12, 'Fly Params'!$B$7, 'Fly Params'!$B$8, 'Fly Params'!$B$9, 'Fly Params'!$B$10, 'Fly Params'!$B$11,'Fly Params'!$B$12)} -> 0
A13: 101 | B13: {=_xll.PriceButterfly('Fly Params'!$B$4, 'Fly Params'!$B$5, A13, 'Fly Params'!$B$7, 'Fly Params'!$B$8, 'Fly Params'!$B$9, 'Fly Params'!$B$10, 'Fly Params'!$B$11,'Fly Params'!$B$12)} -> 0
... A42: 130 | B42: {=_xll.PriceButterfly('Fly Params'!$B$4, 'Fly Params'!$B$5, A42, 'Fly Params'!$B$7, 'Fly Params'!$B$8, 'Fly Params'!$B$9, 'Fly Params'!$B$10, 'Fly Params'!$B$11,'Fly Params'!$B$12)} -> 1.7842188

Sheet Price vs vol
A1: Spot | B1: Price
A2: 0.1 | B2: {=_xll.PriceButterfly('Fly Params'!$B$4,A2,'Fly Params'!$B$6,'Fly Params'!$B$7,'Fly Params'!$B$8,'Fly Params'!$B$9,'Fly Params'!$B$10, 'Fly Params'!$B$11,'Fly Params'!$B$12)} -> 4.1913718
A3: 0.11 | B3: {=_xll.PriceButterfly('Fly Params'!$B$4,A3,'Fly Params'!$B$6,'Fly Params'!$B$7,'Fly Params'!$B$8,'Fly Params'!$B$9,'Fly Params'!$B$10, 'Fly Params'!$B$11,'Fly Params'!$B$12)} -> 3.9125837
A4: 0.12 | B4: {=_xll.PriceButterfly('Fly Params'!$B$4,A4,'Fly Params'!$B$6,'Fly Params'!$B$7,'Fly Params'!$B$8,'Fly Params'!$B$9,'Fly Params'!$B$10, 'Fly Params'!$B$11,'Fly Params'!$B$12)} -> 3.6593724
A5: 0.13 | B5: {=_xll.PriceButterfly('Fly Params'!$B$4,A5,'Fly Params'!$B$6,'Fly Params'!$B$7,'Fly Params'!$B$8,'Fly Params'!$B$9,'Fly Params'!$B$10, 'Fly Params'!$B$11,'Fly Params'!$B$12)} -> 3.4275314
A6: 0.14 | B6: {=_xll.PriceButterfly('Fly Params'!$B$4,A6,'Fly Params'!$B$6,'Fly Params'!$B$7,'Fly Params'!$B$8,'Fly Params'!$B$9,'Fly Params'!$B$10, 'Fly Params'!$B$11,'Fly Params'!$B$12)} -> 3.2121047
A7: 0.15 | B7: {=_xll.PriceButterfly('Fly Params'!$B$4,A7,'Fly Params'!$B$6,'Fly Params'!$B$7,'Fly Params'!$B$8,'Fly Params'!$B$9,'Fly Params'!$B$10, 'Fly Params'!$B$11,'Fly Params'!$B$12)} -> 3.0121316
A8: 0.16 | B8: {=_xll.PriceButterfly('Fly Params'!$B$4,A8,'Fly Params'!$B$6,'Fly Params'!$B$7,'Fly Params'!$B$8,'Fly Params'!$B$9,'Fly Params'!$B$10, 'Fly Params'!$B$11,'Fly Params'!$B$12)} -> 2.8268648
A9: 0.17 | B9: {=_xll.PriceButterfly('Fly Params'!$B$4,A9,'Fly Params'!$B$6,'Fly Params'!$B$7,'Fly Params'!$B$8,'Fly Params'!$B$9,'Fly Params'!$B$10, 'Fly Params'!$B$11,'Fly Params'!$B$12)} -> 2.6521055
A10: 0.18 | B10: {=_xll.PriceButterfly('Fly Params'!$B$4,A10,'Fly Params'!$B$6,'Fly Params'!$B$7,'Fly Params'!$B$8,'Fly Params'!$B$9,'Fly Params'!$B$10, 'Fly Params'!$B$11,'Fly Params'!$B$12)} -> 2.4879075
A11: 0.19 | B11: {=_xll.PriceButterfly('Fly Params'!$B$4,A11,'Fly Params'!$B$6,'Fly Params'!$B$7,'Fly Params'!$B$8,'Fly Params'!$B$9,'Fly Params'!$B$10, 'Fly Params'!$B$11,'Fly Params'!$B$12)} -> 2.3330735
A12: 0.2 | B12: {=_xll.PriceButterfly('Fly Params'!$B$4,A12,'Fly Params'!$B$6,'Fly Params'!$B$7,'Fly Params'!$B$8,'Fly Params'!$B$9,'Fly Params'!$B$10, 'Fly Params'!$B$11,'Fly Params'!$B$12)} -> 2.1844945
A13: 0.21 | B13: {=_xll.PriceButterfly('Fly Params'!$B$4,A13,'Fly Params'!$B$6,'Fly Params'!$B$7,'Fly Params'!$B$8,'Fly Params'!$B$9,'Fly Params'!$B$10, 'Fly Params'!$B$11,'Fly Params'!$B$12)} -> 2.0436406
... A42: 0.5 | B42: {=_xll.PriceButterfly('Fly Params'!$B$4,A42,'Fly Params'!$B$6,'Fly Params'!$B$7,'Fly Params'!$B$8,'Fly Params'!$B$9,'Fly Params'!$B$10, 'Fly Params'!$B$11,'Fly Params'!$B$12)} -> 0.31688311
